{
    "roc_auc": 0.9968906720160482,
    "pr_auc": 0.7751515151515151,
    "precision": 0.8,
    "recall": 0.8,
    "f1_score": 0.8,
    "confusion_matrix": [
        [
            3987,
            1
        ],
        [
            1,
            4
        ]
    ],
    "best_threshold": 0.1277896910905838
}